,data,res
0,1001477154436,100
1,1001477154442,100
2,1001477154448,100
3,1001477154454,100
4,1001477154460,100
5,1001477154466,100
6,1001477154472,100
7,1001477154478,100
8,1001477154484,100
9,1001477154490,100
10,1001477154496,100
11,1001477154502,100
12,1001477154508,100
13,1001477154514,100
14,1001477154520,100
15,1001477154526,100
16,1001477154532,100
17,1001477154538,100
18,1001477154550,100
19,1001477154556,100
20,1001477154562,100
21,1001477154568,100
22,1001477154574,100
23,1001477154580,100
24,1001477154586,100
25,1001477154592,100
26,1001477154598,100
27,1001477154604,100
28,1001477154610,100
29,1001477154622,100
30,1001477154628,100
31,1001477154634,100
32,1001477154640,100
33,1001477154646,100
34,1001477154652,100
35,1001477154658,100
36,1001477154664,100
37,1001477154670,100
38,1001477154676,100
39,1001477154682,100
40,1001477154688,100
41,1001477154694,100
42,1001477154700,100
43,1001477154706,100
44,1001477154712,100
45,1001477154718,100
46,1001477154724,100
47,1001477154730,100
48,1001477154736,100
49,1001477154742,100
50,1001477154748,100
51,1001477154754,100
52,1001477154760,100
53,1001477154766,100
54,1001477154772,100
55,1001477154778,100
56,1001477154784,100
57,1001477154790,100
58,1001477154796,100
59,1001477154874,100
60,1001477154880,100
61,1001477154886,100
62,1001477154892,100
63,1001477154898,100
64,1001477154904,100
65,1001477154910,100
66,1001477154916,100
67,1001477154922,100
68,1001477154928,100
69,1001477154934,100
70,1001477154940,100
71,1001477154946,100
72,1001477154952,100
73,1001477154958,100
74,1001477154964,100
75,1001477154970,100
76,1001477154976,100
77,1001477154982,100
78,1001477154988,100
79,1001477154994,100
80,1001477155000,100
81,1001477155006,100
82,1001477155012,100
83,1001477155018,100
84,1001477155024,100
85,1001477155030,100
86,1001477155036,100
87,1001477155042,100
88,1001477155048,100
89,1001477155054,100
90,1001477155186,100
91,1001477155192,100
92,1001477155198,100
93,1001477155204,100
94,1001477155210,100
95,1001477155216,100
96,1001477155222,100
97,1001477155228,100
98,1001477155234,100
99,1001477155240,100
100,1001477155246,100
101,1001477155252,100
102,1001477155258,100
103,1001477155264,100
104,1001477155270,100
105,1001477155276,100
106,1001477155282,100
107,1001477155288,100
108,1001477155294,100
109,1001477155300,100
110,1001477155306,100
111,1001477155312,100
112,1001477155318,100
113,1001477155324,100
114,1001477155330,100
115,1001477155336,100
116,1001477155342,100
117,1001477155348,100
118,1001477155354,100
119,1001477155360,100
120,1001477194624,100
121,1001477194630,100
122,1001477194636,100
123,1001477194642,100
124,1001477194648,100
125,1001477194654,100
126,1001477194660,100
127,1001477194666,100
128,1001477194672,100
129,1001477194678,100
130,1001477194684,100
131,1001477194690,100
132,1001477194696,100
133,1001477194702,100
134,1001477194708,100
135,1001477194714,100
136,1001477194720,100
137,1001477194726,100
138,1001477194732,100
139,1001477194738,100
140,1001477194744,100
141,1001477194750,100
142,1001477194756,100
143,1001477194762,100
144,1001477194768,100
145,1001477194774,100
146,1001477194780,100
147,1001477194786,100
148,1001477194792,100
149,1001477194798,100
150,1001477194810,100
151,1001477194816,100
152,1001477194822,100
153,1001477194828,100
154,1001477194834,100
155,1001477194840,100
156,1001477194846,100
157,1001477194852,100
158,1001477194858,100
159,1001477194864,100
160,1001477194870,100
161,1001477194876,100
162,1001477194882,100
163,1001477194888,100
164,1001477194894,100
165,1001477194900,100
166,1001477194906,100
167,1001477194912,100
168,1001477194918,100
169,1001477194924,100
170,1001477194930,100
171,1001477194936,100
172,1001477194942,100
173,1001477194948,100
174,1001477194954,100
175,1001477194960,100
176,1001477194966,100
177,1001477194972,100
178,1001477194978,100
179,1001477194984,100
180,1001477195020,100
181,1001477195026,100
182,1001477195032,100
183,1001477195038,100
184,1001477195044,100
185,1001477195050,100
186,1001477195056,100
187,1001477195062,100
188,1001477195068,100
189,1001477195074,100
190,1001477195080,100
191,1001477195086,100
192,1001477195092,100
193,1001477195098,100
194,1001477195104,100
195,1001477195110,100
196,1001477195116,100
197,1001477195122,100
198,1001477195128,100
199,1001477195134,100
200,1001477195140,100
201,1001477195146,100
202,1001477195152,100
203,1001477195158,100
204,1001477195164,100
205,1001477195170,100
206,1001477195176,100
207,1001477195182,100
208,1001477195188,100
209,1001477195194,100
210,1001477195200,100
211,1001477195212,100
212,1001477195218,100
213,1001477195224,100
214,1001477195230,100
215,1001477195236,100
216,1001477195242,100
217,1001477195248,100
218,1001477195254,100
219,1001477195260,100
220,1001477195266,100
221,1001477195272,100
222,1001477195278,100
223,1001477195284,100
224,1001477195290,100
225,1001477195296,100
226,1001477195302,100
227,1001477195308,100
228,1001477195314,100
229,1001477195320,100
230,1001477195326,100
231,1001477195332,100
232,1001477195338,100
233,1001477195344,100
234,1001477195350,100
235,1001477195356,100
236,1001477195362,100
237,1001477195368,100
238,1001477195374,100
239,1001477195380,100
240,1001477195386,100
241,1001477195404,100
242,1001477195410,100
243,1001477195416,100
244,1001477195422,100
245,1001477195428,100
246,1001477195434,100
247,1001477195440,100
248,1001477195446,100
249,1001477195452,100
250,1001477195458,100
251,1001477195464,100
252,1001477195470,100
253,1001477195476,100
254,1001477195482,100
255,1001477195488,100
256,1001477195494,100
257,1001477195500,100
258,1001477195506,100
259,1001477195512,100
260,1001477195518,100
261,1001477195524,100
262,1001477195530,100
263,1001477195536,100
264,1001477195542,100
265,1001477195548,100
266,1001477195554,100
267,1001477195560,100
268,1001477195566,100
269,1001477195572,100
270,1001477195578,100
271,1001477195596,100
272,1001477195602,100
273,1001477195608,100
274,1001477195614,100
275,1001477195620,100
276,1001477195626,100
277,1001477195632,100
278,1001477195638,100
279,1001477195644,100
280,1001477195650,100
281,1001477195656,100
282,1001477195662,100
283,1001477195668,100
284,1001477195674,100
285,1001477195680,100
286,1001477195686,100
287,1001477195692,100
288,1001477195698,100
289,1001477195704,100
290,1001477195710,100
291,1001477195716,100
292,1001477195722,100
293,1001477195728,100
294,1001477195734,100
295,1001477195740,100
296,1001477195746,100
297,1001477195752,100
298,1001477195758,100
299,1001477195764,100
300,1001477195770,100
301,1001477279578,100
302,1001477279590,100
303,1001477279596,100
304,1001477279602,100
305,1001477279608,100
306,1001477279614,100
307,1001477279620,100
308,1001477279626,100
309,1001477279806,100
310,1001477279812,100
311,1001477279818,100
312,1001477279824,100
313,1001477279830,100
314,1001477279836,100
315,1001477279842,100
316,1001477279848,100
317,1001477279854,100
318,1001477279860,100
319,1001477279866,100
320,1001477279872,100
321,1001477279878,100
322,1001477279884,100
323,1001477279890,100
324,1001477279896,100
325,1001477279902,100
326,1001477279908,100
327,1001477279914,100
328,1001477279920,100
329,1001477279926,100
330,1001477279932,100
331,1001477279938,100
332,1001477279944,100
333,1001477279950,100
334,1001477279956,100
335,1001477279962,100
336,1001477279968,100
337,1001477279974,100
338,1001477279980,100
339,1001477280010,100
340,1001477280016,100
341,1001477280022,100
342,1001477280028,100
343,1001477280034,100
344,1001477280040,100
345,1001477280046,100
346,1001477280052,100
347,1001477280058,100
348,1001477280064,100
349,1001477280070,100
350,1001477280076,100
351,1001477280082,100
352,1001477280088,100
353,1001477280094,100
354,1001477280100,100
355,1001477280106,100
356,1001477280112,100
357,1001477280118,100
358,1001477280124,100
359,1001477280130,100
360,1001477280136,100
361,1001477280142,100
362,1001477280148,100
363,1001477280154,100
364,1001477280160,100
365,1001477280166,100
366,1001477280172,100
367,1001477280178,100
368,1001477280184,100
369,1001477280226,100
370,1001477280232,100
371,1001477280238,100
372,1001477280244,100
373,1001477280250,100
374,1001477280256,100
375,1001477280262,100
376,1001477280268,100
377,1001477280274,100
378,1001477280280,100
379,1001477280286,100
380,1001477280292,100
381,1001477280298,100
382,1001477280304,100
383,1001477280310,100
384,1001477280316,100
385,1001477280322,100
386,1001477280328,100
387,1001477280334,100
388,1001477280340,100
389,1001477280346,100
390,1001477280352,100
391,1001477280358,100
392,1001477280364,100
393,1001477280370,100
394,1001477280376,100
395,1001477280382,100
396,1001477280388,100
397,1001477280394,100
398,1001477280400,100
399,1001477280412,100
400,1001477280418,100
401,1001477280424,100
402,1001477280430,100
403,1001477280436,100
404,1001477280442,100
405,1001477280448,100
406,1001477280454,100
407,1001477280460,100
408,1001477280466,100
409,1001477280472,100
410,1001477280478,100
411,1001477280484,100
412,1001477280490,100
413,1001477280496,100
414,1001477280502,100
415,1001477280508,100
416,1001477280514,100
417,1001477280520,100
418,1001477280526,100
419,1001477280532,100
420,1001477280538,100
421,1001477280544,100
422,1001477280550,100
423,1001477280556,100
424,1001477280562,100
425,1001477280568,100
426,1001477280574,100
427,1001477280580,100
428,1001477280586,100
429,1001477280622,100
430,1001477280628,100
431,1001477280634,100
432,1001477280640,100
433,1001477280646,100
434,1001477280652,100
435,1001477280658,100
436,1001477280664,100
437,1001477280670,100
438,1001477280676,100
439,1001477280682,100
440,1001477280688,100
441,1001477280694,100
442,1001477280700,100
443,1001477280706,100
444,1001477280712,100
445,1001477280718,100
446,1001477280724,100
447,1001477280730,100
448,1001477280736,100
449,1001477280742,100
450,1001477280748,100
451,1001477280754,100
452,1001477280760,100
453,1001477280766,100
454,1001477280772,100
455,1001477280778,100
456,1001477280784,100
457,1001477280790,100
458,1001477280796,100
459,1001477280844,100
460,1001477280850,100
461,1001477280856,100
462,1001477280862,100
463,1001477280868,100
464,1001477280874,100
465,1001477280880,100
466,1001477280886,100
467,1001477280892,100
468,1001477280898,100
469,1001477280904,100
470,1001477280910,100
471,1001477280916,100
472,1001477280922,100
473,1001477280928,100
474,1001477280934,100
475,1001477280940,100
476,1001477280946,100
477,1001477280952,100
478,1001477280958,100
479,1001477280964,100
480,1001477280970,100
481,1001477280976,100
482,1001477280982,100
483,1001477280988,100
484,1001477280994,100
485,1001477281000,100
486,1001477281006,100
487,1001477281012,100
488,1001477281018,100
489,1001477281042,100
490,1001477281048,100
491,1001477281054,100
492,1001477281060,100
493,1001477281066,100
494,1001477281072,100
495,1001477281078,100
496,1001477281084,100
497,1001477281090,100
498,1001477281096,100
499,1001477281102,100
500,1001477281108,100
501,1001477281114,100
502,1001477281120,100
503,1001477281126,100
504,1001477281132,100
505,1001477281138,100
506,1001477281144,100
507,1001477281150,100
508,1001477281156,100
509,1001477281162,100
510,1001477281168,100
511,1001477281174,100
512,1001477281180,100
513,1001477281186,100
514,1001477281192,100
515,1001477281198,100
516,1001477281204,100
517,1001477281210,100
518,1001477281216,100
519,1001477281228,100
520,1001477281234,100
521,1001477281240,100
522,1001477281246,100
523,1001477281252,100
524,1001477281258,100
525,1001477281264,100
526,1001477281270,100
527,1001477281276,100
528,1001477281282,100
529,1001477281288,100
530,1001477281294,100
531,1001477281300,100
532,1001477281306,100
533,1001477281312,100
534,1001477281318,100
535,1001477281324,100
536,1001477281330,100
537,1001477281336,100
538,1001477281342,100
539,1001477281348,100
540,1001477281354,100
541,1001477281360,100
542,1001477281366,100
543,1001477281372,100
544,1001477281378,100
545,1001477281384,100
546,1001477281390,100
547,1001477281396,100
548,1001477281402,100
549,1001477281420,100
550,1001477281426,100
551,1001477281432,100
552,1001477281438,100
553,1001477281444,100
554,1001477281450,100
555,1001477281456,100
556,1001477281462,100
557,1001477281468,100
558,1001477281474,100
559,1001477281480,100
560,1001477281486,100
561,1001477281492,100
562,1001477281498,100
563,1001477281504,100
564,1001477281510,100
565,1001477281516,100
566,1001477281522,100
567,1001477281528,100
568,1001477281534,100
569,1001477281540,100
570,1001477281546,100
571,1001477281552,100
572,1001477281558,100
573,1001477281564,100
574,1001477281570,100
575,1001477281576,100
576,1001477281582,100
577,1001477281588,100
578,1001477281594,100
579,1001477281612,100
580,1001477281618,100
581,1001477281624,100
582,1001477281630,100
583,1001477281636,100
584,1001477281642,100
585,1001477281648,100
586,1001477281654,100
587,1001477281660,100
588,1001477281666,100
589,1001477281672,100
590,1001477281678,100
591,1001477281684,100
592,1001477281690,100
593,1001477281696,100
594,1001477281702,100
595,1001477281708,100
596,1001477281714,100
597,1001477281720,100
598,1001477281726,100
599,1001477281732,100
600,1001477281738,100
601,1001477281744,100
602,1001477281750,100
603,1001477281756,100
604,1001477281762,100
605,1001477281768,100
606,1001477281774,100
607,1001477281780,100
608,1001477281786,100
609,101477147368,10
610,101477147374,10
611,101477147380,10
612,101477147386,10
613,101477147392,10
614,101477147398,10
615,101477147404,10
616,101477147410,10
617,101477147416,10
618,101477147422,10
619,101477147428,10
620,101477147434,10
621,101477147440,10
622,101477147446,10
623,101477147452,10
624,101477147458,10
625,101477147464,10
626,101477147470,10
627,101477147476,10
628,101477147482,10
629,101477147488,10
630,101477147494,10
631,101477147500,10
632,101477147506,10
633,101477147512,10
634,101477147518,10
635,101477147524,10
636,101477147530,10
637,101477147536,10
638,101477147542,10
639,101477147560,10
640,101477147566,10
641,101477147572,10
642,101477147578,10
643,101477147584,10
644,101477147590,10
645,101477147596,10
646,101477147602,10
647,101477147608,10
648,101477147614,10
649,101477147620,10
650,101477147626,10
651,101477147632,10
652,101477147638,10
653,101477147644,10
654,101477147650,10
655,101477147656,10
656,101477147662,10
657,101477147668,10
658,101477147674,10
659,101477147680,10
660,101477147686,10
661,101477147692,10
662,101477147698,10
663,101477147704,10
664,101477147710,10
665,101477147716,10
666,101477147722,10
667,101477147728,10
668,101477147734,10
669,101477147740,10
670,101477148976,10
671,101477148982,10
672,101477148988,10
673,101477148994,10
674,101477149000,10
675,101477149006,10
676,101477149012,10
677,101477149018,10
678,101477149024,10
679,101477149030,10
680,101477149036,10
681,101477149042,10
682,101477149048,10
683,101477149054,10
684,101477149060,10
685,101477149066,10
686,101477149072,10
687,101477149078,10
688,101477149084,10
689,101477149090,10
690,101477149096,10
691,101477149102,10
692,101477149108,10
693,101477149114,10
694,101477149120,10
695,101477149126,10
696,101477149132,10
697,101477149138,10
698,101477149144,10
699,101477149150,10
700,101477185408,10
701,101477185414,10
702,101477185420,10
703,101477185426,10
704,101477185432,10
705,101477185438,10
706,101477185444,10
707,101477185450,10
708,101477185456,10
709,101477185462,10
710,101477185468,10
711,101477185474,10
712,101477185480,10
713,101477185486,10
714,101477185492,10
715,101477185498,10
716,101477185504,10
717,101477185510,10
718,101477185516,10
719,101477185522,10
720,101477185528,10
721,101477185534,10
722,101477185540,10
723,101477185546,10
724,101477185552,10
725,101477185558,10
726,101477185564,10
727,101477185570,10
728,101477185576,10
729,101477185582,10
730,101477186218,10
731,101477186224,10
732,101477186230,10
733,101477186236,10
734,101477186242,10
735,101477186248,10
736,101477186254,10
737,101477186260,10
738,101477186266,10
739,101477186272,10
740,101477186278,10
741,101477186284,10
742,101477186290,10
743,101477186296,10
744,101477186302,10
745,101477186308,10
746,101477186314,10
747,101477186320,10
748,101477186326,10
749,101477186332,10
750,101477186338,10
751,101477186344,10
752,101477186350,10
753,101477186356,10
754,101477186362,10
755,101477186368,10
756,101477186374,10
757,101477186380,10
758,101477186386,10
759,101477186392,10
760,101477186416,10
761,101477186422,10
762,101477186428,10
763,101477186434,10
764,101477186440,10
765,101477186446,10
766,101477186452,10
767,101477186458,10
768,101477186464,10
769,101477186470,10
770,101477186476,10
771,101477186482,10
772,101477186488,10
773,101477186494,10
774,101477186500,10
775,101477186506,10
776,101477186512,10
777,101477186518,10
778,101477186524,10
779,101477186530,10
780,101477186536,10
781,101477186542,10
782,101477186548,10
783,101477186554,10
784,101477186560,10
785,101477186566,10
786,101477186572,10
787,101477186578,10
788,101477186584,10
789,101477186590,10
790,101477186650,10
791,101477186656,10
792,101477186662,10
793,101477186668,10
794,101477186674,10
795,101477186680,10
796,101477186686,10
797,101477186692,10
798,101477186698,10
799,101477186704,10
800,101477186710,10
801,101477186716,10
802,101477186722,10
803,101477186728,10
804,101477186734,10
805,101477186740,10
806,101477186746,10
807,101477186752,10
808,101477186758,10
809,101477186764,10
810,101477186770,10
811,101477186776,10
812,101477186782,10
813,101477186788,10
814,101477186794,10
815,101477186800,10
816,101477186806,10
817,101477186812,10
818,101477186818,10
819,101477186824,10
820,101477186854,10
821,101477186860,10
822,101477186866,10
823,101477186872,10
824,101477186878,10
825,101477186884,10
826,101477186890,10
827,101477186896,10
828,101477186902,10
829,101477186908,10
830,101477186914,10
831,101477186920,10
832,101477186926,10
833,101477186932,10
834,101477186938,10
835,101477186944,10
836,101477186950,10
837,101477186956,10
838,101477186962,10
839,101477186968,10
840,101477186974,10
841,101477186980,10
842,101477186986,10
843,101477186992,10
844,101477186998,10
845,101477187004,10
846,101477187010,10
847,101477187016,10
848,101477187022,10
849,101477187028,10
850,101477187040,10
851,101477187046,10
852,101477187052,10
853,101477187058,10
854,101477187064,10
855,101477187070,10
856,101477187076,10
857,101477187082,10
858,101477187088,10
859,101477187094,10
860,101477187100,10
861,101477187106,10
862,101477187112,10
863,101477187118,10
864,101477187124,10
865,101477187130,10
866,101477187136,10
867,101477187142,10
868,101477187148,10
869,101477187154,10
870,101477187160,10
871,101477187166,10
872,101477187172,10
873,101477187178,10
874,101477187184,10
875,101477187190,10
876,101477187196,10
877,101477187202,10
878,101477187208,10
879,101477187214,10
880,101477187226,10
881,101477187232,10
882,101477187238,10
883,101477187244,10
884,101477187250,10
885,101477187256,10
886,101477187262,10
887,101477187268,10
888,101477187274,10
889,101477187280,10
890,101477187286,10
891,101477187292,10
892,101477187298,10
893,101477187304,10
894,101477187310,10
895,101477187316,10
896,101477187322,10
897,101477187328,10
898,101477187334,10
899,101477187340,10
900,101477187346,10
901,101477187352,10
902,101477187358,10
903,101477187364,10
904,101477187370,10
905,101477187376,10
906,101477187382,10
907,101477187388,10
908,101477187394,10
909,101477187400,10
910,101477287774,10
911,101477287780,10
912,101477287786,10
913,101477287792,10
914,101477287798,10
915,101477287804,10
916,101477287810,10
917,101477287816,10
918,101477287822,10
919,101477287828,10
920,101477287834,10
921,101477287840,10
922,101477287846,10
923,101477287852,10
924,101477287858,10
925,101477287864,10
926,101477287870,10
927,101477287876,10
928,101477287882,10
929,101477287888,10
930,101477287894,10
931,101477287900,10
932,101477287906,10
933,101477287912,10
934,101477287918,10
935,101477287924,10
936,101477287930,10
937,101477287936,10
938,101477287942,10
939,101477287948,10
940,101477287960,10
941,101477287966,10
942,101477287972,10
943,101477287978,10
944,101477287984,10
945,101477287990,10
946,101477287996,10
947,101477288002,10
948,101477288008,10
949,101477288014,10
950,101477288020,10
951,101477288026,10
952,101477288032,10
953,101477288038,10
954,101477288044,10
955,101477288050,10
956,101477288056,10
957,101477288062,10
958,101477288068,10
959,101477288074,10
960,101477288080,10
961,101477288086,10
962,101477288092,10
963,101477288098,10
964,101477288104,10
965,101477288110,10
966,101477288116,10
967,101477288122,10
968,101477288128,10
969,101477288134,10
970,101477288146,10
971,101477288152,10
972,101477288158,10
973,101477288164,10
974,101477288170,10
975,101477288176,10
976,101477288182,10
977,101477288188,10
978,101477288194,10
979,101477288200,10
980,101477288206,10
981,101477288212,10
982,101477288218,10
983,101477288224,10
984,101477288230,10
985,101477288236,10
986,101477288242,10
987,101477288248,10
988,101477288254,10
989,101477288260,10
990,101477288266,10
991,101477288272,10
992,101477288278,10
993,101477288284,10
994,101477288290,10
995,101477288296,10
996,101477288302,10
997,101477288308,10
998,101477288314,10
999,101477288320,10
1000,101477288344,10
1001,101477288350,10
1002,101477288356,10
1003,101477288362,10
1004,101477288368,10
1005,101477288374,10
1006,101477288380,10
1007,101477288386,10
1008,101477288392,10
1009,101477288398,10
1010,101477288404,10
1011,101477288410,10
1012,101477288416,10
1013,101477288422,10
1014,101477288428,10
1015,101477288434,10
1016,101477288440,10
1017,101477288446,10
1018,101477288452,10
1019,101477288458,10
1020,101477288464,10
1021,101477288470,10
1022,101477288476,10
1023,101477288482,10
1024,101477288488,10
1025,101477288494,10
1026,101477288500,10
1027,101477288506,10
1028,101477288512,10
1029,101477288518,10
1030,101477288542,10
1031,101477288548,10
1032,101477288554,10
1033,101477288560,10
1034,101477288566,10
1035,101477288572,10
1036,101477288578,10
1037,101477288584,10
1038,101477288590,10
1039,101477288596,10
1040,101477288602,10
1041,101477288608,10
1042,101477288614,10
1043,101477288620,10
1044,101477288626,10
1045,101477288632,10
1046,101477288638,10
1047,101477288644,10
1048,101477288650,10
1049,101477288656,10
1050,101477288662,10
1051,101477288668,10
1052,101477288674,10
1053,101477288680,10
1054,101477288686,10
1055,101477288692,10
1056,101477288698,10
1057,101477288704,10
1058,101477288710,10
1059,101477288716,10
1060,101477288722,10
1061,101477288734,10
1062,101477288740,10
1063,101477288746,10
1064,101477288752,10
1065,101477288758,10
1066,101477288764,10
1067,101477288770,10
1068,101477288776,10
1069,101477288782,10
1070,101477288788,10
1071,101477288794,10
1072,101477288800,10
1073,101477288806,10
1074,101477288812,10
1075,101477288818,10
1076,101477288824,10
1077,101477288830,10
1078,101477288836,10
1079,101477288842,10
1080,101477288848,10
1081,101477288854,10
1082,101477288860,10
1083,101477288866,10
1084,101477288872,10
1085,101477288878,10
1086,101477288884,10
1087,101477288890,10
1088,101477288896,10
1089,101477288902,10
1090,101477288908,10
1091,101477288932,10
1092,101477288938,10
1093,101477288944,10
1094,101477288950,10
1095,101477288956,10
1096,101477288962,10
1097,101477288968,10
1098,101477288974,10
1099,101477288980,10
1100,101477288986,10
1101,101477288992,10
1102,101477288998,10
1103,101477289004,10
1104,101477289010,10
1105,101477289016,10
1106,101477289022,10
1107,101477289028,10
1108,101477289034,10
1109,101477289040,10
1110,101477289046,10
1111,101477289052,10
1112,101477289058,10
1113,101477289064,10
1114,101477289070,10
1115,101477289076,10
1116,101477289082,10
1117,101477289088,10
1118,101477289094,10
1119,101477289100,10
1120,101477289106,10
1121,101477289124,10
1122,101477289130,10
1123,101477289136,10
1124,101477289142,10
1125,101477289148,10
1126,101477289154,10
1127,101477289160,10
1128,101477289166,10
1129,101477289172,10
1130,101477289178,10
1131,101477289184,10
1132,101477289190,10
1133,101477289196,10
1134,101477289202,10
1135,101477289208,10
1136,101477289214,10
1137,101477289220,10
1138,101477289226,10
1139,101477289232,10
1140,101477289238,10
1141,101477289244,10
1142,101477289250,10
1143,101477289256,10
1144,101477289262,10
1145,101477289268,10
1146,101477289274,10
1147,101477289280,10
1148,101477289286,10
1149,101477289292,10
1150,101477289298,10
1151,101477289316,10
1152,101477289322,10
1153,101477289328,10
1154,101477289334,10
1155,101477289340,10
1156,101477289346,10
1157,101477289352,10
1158,101477289358,10
1159,101477289364,10
1160,101477289370,10
1161,101477289376,10
1162,101477289382,10
1163,101477289388,10
1164,101477289394,10
1165,101477289400,10
1166,101477289406,10
1167,101477289412,10
1168,101477289418,10
1169,101477289424,10
1170,101477289430,10
1171,101477289436,10
1172,101477289442,10
1173,101477289448,10
1174,101477289454,10
1175,101477289460,10
1176,101477289466,10
1177,101477289472,10
1178,101477289478,10
1179,101477289484,10
1180,101477289490,10
1181,101477289496,10
1182,101477289520,10
1183,101477289526,10
1184,101477289532,10
1185,101477289538,10
1186,101477289544,10
1187,101477289550,10
1188,101477289556,10
1189,101477289562,10
1190,101477289568,10
1191,101477289574,10
1192,101477289580,10
1193,101477289586,10
1194,101477289592,10
1195,101477289598,10
1196,101477289604,10
1197,101477289610,10
1198,101477289616,10
1199,101477289622,10
1200,101477289628,10
1201,101477289634,10
1202,101477289640,10
1203,101477289646,10
1204,101477289652,10
1205,101477289658,10
1206,101477289664,10
1207,101477289670,10
1208,101477289676,10
1209,101477289682,10
1210,101477289688,10
1211,101477289694,10
1212,251477149204,25
1213,251477149210,25
1214,251477149216,25
1215,251477149222,25
1216,251477149228,25
1217,251477149234,25
1218,251477149240,25
1219,251477149246,25
1220,251477149252,25
1221,251477149258,25
1222,251477149264,25
1223,251477149270,25
1224,251477149276,25
1225,251477149282,25
1226,251477149288,25
1227,251477149294,25
1228,251477149300,25
1229,251477149306,25
1230,251477149312,25
1231,251477149318,25
1232,251477149324,25
1233,251477149330,25
1234,251477149336,25
1235,251477149342,25
1236,251477149348,25
1237,251477149354,25
1238,251477149360,25
1239,251477149366,25
1240,251477149372,25
1241,251477149378,25
1242,251477149390,25
1243,251477149396,25
1244,251477149402,25
1245,251477149408,25
1246,251477149414,25
1247,251477149420,25
1248,251477149426,25
1249,251477149432,25
1250,251477149438,25
1251,251477149444,25
1252,251477149450,25
1253,251477149456,25
1254,251477149462,25
1255,251477149468,25
1256,251477149474,25
1257,251477149486,25
1258,251477149492,25
1259,251477149498,25
1260,251477149504,25
1261,251477149510,25
1262,251477149516,25
1263,251477149522,25
1264,251477149528,25
1265,251477149534,25
1266,251477149540,25
1267,251477149546,25
1268,251477149552,25
1269,251477149558,25
1270,251477149564,25
1271,251477153878,25
1272,251477153884,25
1273,251477153890,25
1274,251477153896,25
1275,251477153902,25
1276,251477153908,25
1277,251477153914,25
1278,251477153920,25
1279,251477153926,25
1280,251477153932,25
1281,251477153938,25
1282,251477153944,25
1283,251477153950,25
1284,251477153956,25
1285,251477153962,25
1286,251477153968,25
1287,251477153974,25
1288,251477153986,25
1289,251477153992,25
1290,251477153998,25
1291,251477154004,25
1292,251477154010,25
1293,251477154016,25
1294,251477154022,25
1295,251477154028,25
1296,251477154034,25
1297,251477154040,25
1298,251477154046,25
1299,251477154052,25
1300,251477154058,25
1301,251477154142,25
1302,251477154148,25
1303,251477154154,25
1304,251477154160,25
1305,251477154166,25
1306,251477154172,25
1307,251477154178,25
1308,251477154184,25
1309,251477154190,25
1310,251477154196,25
1311,251477154202,25
1312,251477154208,25
1313,251477154214,25
1314,251477154220,25
1315,251477154226,25
1316,251477154232,25
1317,251477154238,25
1318,251477154244,25
1319,251477154250,25
1320,251477154256,25
1321,251477154262,25
1322,251477154268,25
1323,251477154274,25
1324,251477154280,25
1325,251477154286,25
1326,251477154292,25
1327,251477154298,25
1328,251477154304,25
1329,251477154310,25
1330,251477154316,25
1331,251477154322,25
1332,251477191090,25
1333,251477191096,25
1334,251477191102,25
1335,251477191108,25
1336,251477191114,25
1337,251477191120,25
1338,251477191126,25
1339,251477191132,25
1340,251477191138,25
1341,251477191144,25
1342,251477191150,25
1343,251477191156,25
1344,251477191162,25
1345,251477191168,25
1346,251477191174,25
1347,251477191180,25
1348,251477191186,25
1349,251477191192,25
1350,251477191198,25
1351,251477191204,25
1352,251477191210,25
1353,251477191216,25
1354,251477191222,25
1355,251477191228,25
1356,251477191234,25
1357,251477191240,25
1358,251477191246,25
1359,251477191252,25
1360,251477191258,25
1361,251477191264,25
1362,251477191282,25
1363,251477191288,25
1364,251477191294,25
1365,251477191300,25
1366,251477191306,25
1367,251477191312,25
1368,251477191318,25
1369,251477191324,25
1370,251477191330,25
1371,251477191336,25
1372,251477191342,25
1373,251477191348,25
1374,251477191354,25
1375,251477191360,25
1376,251477191366,25
1377,251477191372,25
1378,251477191378,25
1379,251477191384,25
1380,251477191390,25
1381,251477191396,25
1382,251477191402,25
1383,251477191408,25
1384,251477191414,25
1385,251477191420,25
1386,251477191426,25
1387,251477191432,25
1388,251477191438,25
1389,251477191444,25
1390,251477191450,25
1391,251477191456,25
1392,251477191498,25
1393,251477191504,25
1394,251477191510,25
1395,251477191516,25
1396,251477191522,25
1397,251477191528,25
1398,251477191534,25
1399,251477191540,25
1400,251477191546,25
1401,251477191552,25
1402,251477191558,25
1403,251477191564,25
1404,251477191570,25
1405,251477191576,25
1406,251477191582,25
1407,251477191588,25
1408,251477191594,25
1409,251477191600,25
1410,251477191606,25
1411,251477191612,25
1412,251477191618,25
1413,251477191624,25
1414,251477191630,25
1415,251477191636,25
1416,251477191642,25
1417,251477191648,25
1418,251477191654,25
1419,251477191660,25
1420,251477191666,25
1421,251477191672,25
1422,251477191678,25
1423,251477191696,25
1424,251477191702,25
1425,251477191708,25
1426,251477191714,25
1427,251477191720,25
1428,251477191726,25
1429,251477191732,25
1430,251477191738,25
1431,251477191744,25
1432,251477191750,25
1433,251477191756,25
1434,251477191762,25
1435,251477191768,25
1436,251477191774,25
1437,251477191780,25
1438,251477191786,25
1439,251477191792,25
1440,251477191798,25
1441,251477191804,25
1442,251477191810,25
1443,251477191816,25
1444,251477191822,25
1445,251477191828,25
1446,251477191834,25
1447,251477191840,25
1448,251477191846,25
1449,251477191852,25
1450,251477191858,25
1451,251477191864,25
1452,251477191870,25
1453,251477191924,25
1454,251477191930,25
1455,251477191936,25
1456,251477191942,25
1457,251477191948,25
1458,251477191954,25
1459,251477191960,25
1460,251477191966,25
1461,251477191972,25
1462,251477191978,25
1463,251477191984,25
1464,251477191990,25
1465,251477191996,25
1466,251477192002,25
1467,251477192008,25
1468,251477192014,25
1469,251477192020,25
1470,251477192026,25
1471,251477192032,25
1472,251477192038,25
1473,251477192044,25
1474,251477192050,25
1475,251477192056,25
1476,251477192062,25
1477,251477192068,25
1478,251477192074,25
1479,251477192080,25
1480,251477192086,25
1481,251477192092,25
1482,251477192098,25
1483,251477192128,25
1484,251477192134,25
1485,251477192140,25
1486,251477192146,25
1487,251477192152,25
1488,251477192158,25
1489,251477192164,25
1490,251477192170,25
1491,251477192176,25
1492,251477192182,25
1493,251477192188,25
1494,251477192194,25
1495,251477192200,25
1496,251477192206,25
1497,251477192212,25
1498,251477192218,25
1499,251477192224,25
1500,251477192230,25
1501,251477192236,25
1502,251477192242,25
1503,251477192248,25
1504,251477192254,25
1505,251477192260,25
1506,251477192266,25
1507,251477192272,25
1508,251477192278,25
1509,251477192284,25
1510,251477192290,25
1511,251477192296,25
1512,251477192302,25
1513,251477285122,25
1514,251477285128,25
1515,251477285134,25
1516,251477285140,25
1517,251477285146,25
1518,251477285152,25
1519,251477285158,25
1520,251477285164,25
1521,251477285170,25
1522,251477285176,25
1523,251477285182,25
1524,251477285188,25
1525,251477285194,25
1526,251477285200,25
1527,251477285206,25
1528,251477285212,25
1529,251477285218,25
1530,251477285224,25
1531,251477285230,25
1532,251477285236,25
1533,251477285242,25
1534,251477285248,25
1535,251477285254,25
1536,251477285260,25
1537,251477285266,25
1538,251477285272,25
1539,251477285278,25
1540,251477285284,25
1541,251477285290,25
1542,251477285296,25
1543,251477285302,25
1544,251477285380,25
1545,251477285386,25
1546,251477285392,25
1547,251477285398,25
1548,251477285404,25
1549,251477285410,25
1550,251477285416,25
1551,251477285422,25
1552,251477285428,25
1553,251477285434,25
1554,251477285440,25
1555,251477285446,25
1556,251477285452,25
1557,251477285458,25
1558,251477285464,25
1559,251477285470,25
1560,251477285476,25
1561,251477285482,25
1562,251477285488,25
1563,251477285494,25
1564,251477285500,25
1565,251477285506,25
1566,251477285512,25
1567,251477285518,25
1568,251477285524,25
1569,251477285530,25
1570,251477285536,25
1571,251477285542,25
1572,251477285548,25
1573,251477285554,25
1574,251477285566,25
1575,251477285572,25
1576,251477285578,25
1577,251477285584,25
1578,251477285590,25
1579,251477285596,25
1580,251477285602,25
1581,251477285608,25
1582,251477285614,25
1583,251477285620,25
1584,251477285626,25
1585,251477285632,25
1586,251477285638,25
1587,251477285644,25
1588,251477285650,25
1589,251477285656,25
1590,251477285662,25
1591,251477285668,25
1592,251477285674,25
1593,251477285680,25
1594,251477285686,25
1595,251477285692,25
1596,251477285698,25
1597,251477285704,25
1598,251477285710,25
1599,251477285716,25
1600,251477285722,25
1601,251477285728,25
1602,251477285734,25
1603,251477285740,25
1604,251477285752,25
1605,251477285758,25
1606,251477285764,25
1607,251477285770,25
1608,251477285776,25
1609,251477285782,25
1610,251477285788,25
1611,251477285794,25
1612,251477285800,25
1613,251477285806,25
1614,251477285812,25
1615,251477285818,25
1616,251477285824,25
1617,251477285830,25
1618,251477285836,25
1619,251477285842,25
1620,251477285848,25
1621,251477285854,25
1622,251477285860,25
1623,251477285866,25
1624,251477285872,25
1625,251477285878,25
1626,251477285884,25
1627,251477285890,25
1628,251477285896,25
1629,251477285902,25
1630,251477285908,25
1631,251477285914,25
1632,251477285920,25
1633,251477285926,25
1634,251477285932,25
1635,251477285950,25
1636,251477285956,25
1637,251477285962,25
1638,251477285968,25
1639,251477285974,25
1640,251477285980,25
1641,251477285986,25
1642,251477285992,25
1643,251477285998,25
1644,251477286004,25
1645,251477286010,25
1646,251477286016,25
1647,251477286022,25
1648,251477286028,25
1649,251477286034,25
1650,251477286040,25
1651,251477286046,25
1652,251477286052,25
1653,251477286058,25
1654,251477286064,25
1655,251477286070,25
1656,251477286076,25
1657,251477286082,25
1658,251477286088,25
1659,251477286094,25
1660,251477286100,25
1661,251477286106,25
1662,251477286112,25
1663,251477286118,25
1664,251477286124,25
1665,251477286148,25
1666,251477286154,25
1667,251477286160,25
1668,251477286166,25
1669,251477286172,25
1670,251477286178,25
1671,251477286184,25
1672,251477286190,25
1673,251477286196,25
1674,251477286202,25
1675,251477286208,25
1676,251477286214,25
1677,251477286220,25
1678,251477286226,25
1679,251477286232,25
1680,251477286238,25
1681,251477286244,25
1682,251477286250,25
1683,251477286256,25
1684,251477286262,25
1685,251477286268,25
1686,251477286274,25
1687,251477286280,25
1688,251477286286,25
1689,251477286292,25
1690,251477286298,25
1691,251477286304,25
1692,251477286310,25
1693,251477286316,25
1694,251477286322,25
1695,251477286328,25
1696,251477286340,25
1697,251477286346,25
1698,251477286352,25
1699,251477286358,25
1700,251477286364,25
1701,251477286370,25
1702,251477286376,25
1703,251477286382,25
1704,251477286388,25
1705,251477286394,25
1706,251477286400,25
1707,251477286406,25
1708,251477286412,25
1709,251477286418,25
1710,251477286424,25
1711,251477286430,25
1712,251477286436,25
1713,251477286442,25
1714,251477286448,25
1715,251477286454,25
1716,251477286460,25
1717,251477286466,25
1718,251477286472,25
1719,251477286478,25
1720,251477286484,25
1721,251477286490,25
1722,251477286496,25
1723,251477286502,25
1724,251477286508,25
1725,251477286514,25
1726,251477286850,25
1727,251477286856,25
1728,251477286862,25
1729,251477286868,25
1730,251477286874,25
1731,251477286880,25
1732,251477286886,25
1733,251477286892,25
1734,251477286898,25
1735,251477286904,25
1736,251477286910,25
1737,251477286916,25
1738,251477286922,25
1739,251477286928,25
1740,251477286934,25
1741,251477286940,25
1742,251477286946,25
1743,251477286952,25
1744,251477286958,25
1745,251477286964,25
1746,251477286970,25
1747,251477286976,25
1748,251477286982,25
1749,251477286988,25
1750,251477286994,25
1751,251477287000,25
1752,251477287006,25
1753,251477287012,25
1754,251477287018,25
1755,251477287024,25
1756,251477287030,25
1757,251477287048,25
1758,251477287054,25
1759,251477287060,25
1760,251477287066,25
1761,251477287072,25
1762,251477287078,25
1763,251477287084,25
1764,251477287090,25
1765,251477287096,25
1766,251477287102,25
1767,251477287108,25
1768,251477287114,25
1769,251477287120,25
1770,251477287126,25
1771,251477287132,25
1772,251477287138,25
1773,251477287144,25
1774,251477287150,25
1775,251477287156,25
1776,251477287162,25
1777,251477287168,25
1778,251477287174,25
1779,251477287180,25
1780,251477287186,25
1781,251477287192,25
1782,251477287198,25
1783,251477287204,25
1784,251477287210,25
1785,251477287216,25
1786,251477287222,25
1787,251477287234,25
1788,251477287240,25
1789,251477287246,25
1790,251477287252,25
1791,251477287258,25
1792,251477287264,25
1793,251477287270,25
1794,251477287276,25
1795,251477287282,25
1796,251477287288,25
1797,251477287294,25
1798,251477287300,25
1799,251477287306,25
1800,251477287312,25
1801,251477287318,25
1802,251477287324,25
1803,251477287330,25
1804,251477287336,25
1805,251477287342,25
1806,251477287348,25
1807,251477287354,25
1808,251477287360,25
1809,251477287366,25
1810,251477287372,25
1811,251477287378,25
1812,251477287384,25
1813,251477287390,25
1814,251477287396,25
1815,251477287402,25
1816,251477287408,25
1817,501477139796,50
1818,501477139802,50
1819,501477139808,50
1820,501477139814,50
1821,501477139820,50
1822,501477139826,50
1823,501477139832,50
1824,501477139838,50
1825,501477139844,50
1826,501477139850,50
1827,501477139856,50
1828,501477139862,50
1829,501477139868,50
1830,501477139874,50
1831,501477139880,50
1832,501477139886,50
1833,501477139892,50
1834,501477139898,50
1835,501477139904,50
1836,501477139910,50
1837,501477139916,50
1838,501477139922,50
1839,501477139928,50
1840,501477139934,50
1841,501477139940,50
1842,501477139946,50
1843,501477139952,50
1844,501477139958,50
1845,501477139964,50
1846,501477139970,50
1847,501477140102,50
1848,501477140108,50
1849,501477140114,50
1850,501477140120,50
1851,501477140126,50
1852,501477140132,50
1853,501477140138,50
1854,501477140144,50
1855,501477140150,50
1856,501477140156,50
1857,501477140162,50
1858,501477140168,50
1859,501477140174,50
1860,501477140180,50
1861,501477140186,50
1862,501477140192,50
1863,501477140198,50
1864,501477140204,50
1865,501477140210,50
1866,501477140216,50
1867,501477140222,50
1868,501477140228,50
1869,501477140234,50
1870,501477140240,50
1871,501477140246,50
1872,501477140252,50
1873,501477140258,50
1874,501477140264,50
1875,501477140270,50
1876,501477140276,50
1877,501477144500,50
1878,501477144506,50
1879,501477144512,50
1880,501477144518,50
1881,501477144524,50
1882,501477144530,50
1883,501477144536,50
1884,501477144542,50
1885,501477144548,50
1886,501477144554,50
1887,501477144560,50
1888,501477144566,50
1889,501477144572,50
1890,501477144578,50
1891,501477144584,50
1892,501477144590,50
1893,501477144596,50
1894,501477144602,50
1895,501477144608,50
1896,501477144614,50
1897,501477144620,50
1898,501477144626,50
1899,501477144632,50
1900,501477144638,50
1901,501477144644,50
1902,501477144650,50
1903,501477144656,50
1904,501477144662,50
1905,501477144668,50
1906,501477144674,50
1907,501477144914,50
1908,501477144920,50
1909,501477144926,50
1910,501477144932,50
1911,501477144938,50
1912,501477144944,50
1913,501477144950,50
1914,501477144956,50
1915,501477144962,50
1916,501477145064,50
1917,501477145070,50
1918,501477145076,50
1919,501477145082,50
1920,501477145088,50
1921,501477145094,50
1922,501477145100,50
1923,501477145106,50
1924,501477145112,50
1925,501477145118,50
1926,501477145124,50
1927,501477145130,50
1928,501477145136,50
1929,501477145142,50
1930,501477145148,50
1931,501477145154,50
1932,501477145160,50
1933,501477145166,50
1934,501477145172,50
1935,501477145178,50
1936,501477145190,50
1937,501477145196,50
1938,501477145202,50
1939,501477145208,50
1940,501477145214,50
1941,501477145220,50
1942,501477145226,50
1943,501477145232,50
1944,501477145238,50
1945,501477192776,50
1946,501477192782,50
1947,501477192788,50
1948,501477192794,50
1949,501477192800,50
1950,501477192806,50
1951,501477192812,50
1952,501477192818,50
1953,501477192824,50
1954,501477192830,50
1955,501477192836,50
1956,501477192842,50
1957,501477192848,50
1958,501477192854,50
1959,501477192860,50
1960,501477192866,50
1961,501477192872,50
1962,501477192878,50
1963,501477192884,50
1964,501477192890,50
1965,501477192896,50
1966,501477192902,50
1967,501477192908,50
1968,501477192914,50
1969,501477192920,50
1970,501477192926,50
1971,501477192932,50
1972,501477192938,50
1973,501477192944,50
1974,501477192950,50
1975,501477192956,50
1976,501477192962,50
1977,501477192968,50
1978,501477192974,50
1979,501477192980,50
1980,501477192986,50
1981,501477192992,50
1982,501477192998,50
1983,501477193004,50
1984,501477193010,50
1985,501477193016,50
1986,501477193022,50
1987,501477193028,50
1988,501477193034,50
1989,501477193040,50
1990,501477193046,50
1991,501477193052,50
1992,501477193058,50
1993,501477193064,50
1994,501477193070,50
1995,501477193076,50
1996,501477193082,50
1997,501477193088,50
1998,501477193094,50
1999,501477193100,50
2000,501477193106,50
2001,501477193112,50
2002,501477193118,50
2003,501477193124,50
2004,501477193130,50
2005,501477193136,50
2006,501477193142,50
2007,501477193244,50
2008,501477193250,50
2009,501477193256,50
2010,501477193262,50
2011,501477193268,50
2012,501477193274,50
2013,501477193280,50
2014,501477193286,50
2015,501477193292,50
2016,501477193298,50
2017,501477193304,50
2018,501477193310,50
2019,501477193316,50
2020,501477193322,50
2021,501477193328,50
2022,501477193334,50
2023,501477193340,50
2024,501477193346,50
2025,501477193352,50
2026,501477193358,50
2027,501477193364,50
2028,501477193370,50
2029,501477193376,50
2030,501477193382,50
2031,501477193388,50
2032,501477193394,50
2033,501477193400,50
2034,501477193406,50
2035,501477193412,50
2036,501477193418,50
2037,501477193448,50
2038,501477193454,50
2039,501477193460,50
2040,501477193466,50
2041,501477193472,50
2042,501477193478,50
2043,501477193484,50
2044,501477193490,50
2045,501477193496,50
2046,501477193502,50
2047,501477193508,50
2048,501477193514,50
2049,501477193520,50
2050,501477193526,50
2051,501477193532,50
2052,501477193538,50
2053,501477193544,50
2054,501477193550,50
2055,501477193556,50
2056,501477193562,50
2057,501477193568,50
2058,501477193574,50
2059,501477193580,50
2060,501477193586,50
2061,501477193592,50
2062,501477193598,50
2063,501477193604,50
2064,501477193610,50
2065,501477193616,50
2066,501477193622,50
2067,501477193730,50
2068,501477193736,50
2069,501477193742,50
2070,501477193748,50
2071,501477193754,50
2072,501477193760,50
2073,501477193766,50
2074,501477193772,50
2075,501477193778,50
2076,501477193784,50
2077,501477193790,50
2078,501477193796,50
2079,501477193802,50
2080,501477193808,50
2081,501477193814,50
2082,501477193820,50
2083,501477193826,50
2084,501477193832,50
2085,501477193838,50
2086,501477193844,50
2087,501477193850,50
2088,501477193856,50
2089,501477193862,50
2090,501477193868,50
2091,501477193874,50
2092,501477193880,50
2093,501477193886,50
2094,501477193892,50
2095,501477193898,50
2096,501477193904,50
2097,501477193910,50
2098,501477194216,50
2099,501477194222,50
2100,501477194228,50
2101,501477194234,50
2102,501477194240,50
2103,501477194246,50
2104,501477194252,50
2105,501477194258,50
2106,501477194264,50
2107,501477194270,50
2108,501477194276,50
2109,501477194282,50
2110,501477194288,50
2111,501477194294,50
2112,501477194300,50
2113,501477194306,50
2114,501477194312,50
2115,501477194318,50
2116,501477194324,50
2117,501477194330,50
2118,501477194336,50
2119,501477194342,50
2120,501477194348,50
2121,501477194354,50
2122,501477194360,50
2123,501477194366,50
2124,501477194372,50
2125,501477194378,50
2126,501477194384,50
2127,501477194390,50
2128,501477194402,50
2129,501477194408,50
2130,501477194414,50
2131,501477194420,50
2132,501477194426,50
2133,501477194432,50
2134,501477194438,50
2135,501477194444,50
2136,501477194450,50
2137,501477194456,50
2138,501477194462,50
2139,501477194468,50
2140,501477194474,50
2141,501477194480,50
2142,501477194486,50
2143,501477194492,50
2144,501477194498,50
2145,501477194504,50
2146,501477194510,50
2147,501477194516,50
2148,501477194522,50
2149,501477194528,50
2150,501477194534,50
2151,501477194540,50
2152,501477194546,50
2153,501477194552,50
2154,501477194558,50
2155,501477194564,50
2156,501477194570,50
2157,501477194576,50
2158,501477281864,50
2159,501477281870,50
2160,501477281876,50
2161,501477281882,50
2162,501477281888,50
2163,501477281894,50
2164,501477281900,50
2165,501477281906,50
2166,501477281912,50
2167,501477281918,50
2168,501477281924,50
2169,501477281930,50
2170,501477281936,50
2171,501477281942,50
2172,501477281948,50
2173,501477281954,50
2174,501477281960,50
2175,501477281966,50
2176,501477281972,50
2177,501477281978,50
2178,501477281984,50
2179,501477281990,50
2180,501477281996,50
2181,501477282002,50
2182,501477282008,50
2183,501477282014,50
2184,501477282020,50
2185,501477282026,50
2186,501477282032,50
2187,501477282038,50
2188,501477282050,50
2189,501477282056,50
2190,501477282062,50
2191,501477282068,50
2192,501477282074,50
2193,501477282080,50
2194,501477282086,50
2195,501477282092,50
2196,501477282098,50
2197,501477282104,50
2198,501477282110,50
2199,501477282116,50
2200,501477282122,50
2201,501477282128,50
2202,501477282134,50
2203,501477282140,50
2204,501477282146,50
2205,501477282152,50
2206,501477282158,50
2207,501477282164,50
2208,501477282170,50
2209,501477282176,50
2210,501477282182,50
2211,501477282188,50
2212,501477282194,50
2213,501477282200,50
2214,501477282206,50
2215,501477282212,50
2216,501477282218,50
2217,501477282224,50
2218,501477282242,50
2219,501477282248,50
2220,501477282254,50
2221,501477282260,50
2222,501477282266,50
2223,501477282272,50
2224,501477282278,50
2225,501477282284,50
2226,501477282290,50
2227,501477282296,50
2228,501477282302,50
2229,501477282308,50
2230,501477282314,50
2231,501477282320,50
2232,501477282326,50
2233,501477282332,50
2234,501477282338,50
2235,501477282344,50
2236,501477282350,50
2237,501477282356,50
2238,501477282362,50
2239,501477282368,50
2240,501477282374,50
2241,501477282380,50
2242,501477282386,50
2243,501477282392,50
2244,501477282398,50
2245,501477282404,50
2246,501477282410,50
2247,501477282416,50
2248,501477282422,50
2249,501477282434,50
2250,501477282440,50
2251,501477282446,50
2252,501477282452,50
2253,501477282458,50
2254,501477282464,50
2255,501477282470,50
2256,501477282476,50
2257,501477282482,50
2258,501477282488,50
2259,501477282494,50
2260,501477282500,50
2261,501477282506,50
2262,501477282512,50
2263,501477282518,50
2264,501477282524,50
2265,501477282530,50
2266,501477282536,50
2267,501477282542,50
2268,501477282548,50
2269,501477282554,50
2270,501477282560,50
2271,501477282566,50
2272,501477282572,50
2273,501477282578,50
2274,501477282584,50
2275,501477282590,50
2276,501477282596,50
2277,501477282602,50
2278,501477282608,50
2279,501477282620,50
2280,501477282626,50
2281,501477282632,50
2282,501477282638,50
2283,501477282644,50
2284,501477282650,50
2285,501477282656,50
2286,501477282662,50
2287,501477282668,50
2288,501477282674,50
2289,501477282680,50
2290,501477282686,50
2291,501477282692,50
2292,501477282698,50
2293,501477282704,50
2294,501477282710,50
2295,501477282716,50
2296,501477282722,50
2297,501477282728,50
2298,501477282734,50
2299,501477282740,50
2300,501477282746,50
2301,501477282752,50
2302,501477282758,50
2303,501477282764,50
2304,501477282770,50
2305,501477282776,50
2306,501477282782,50
2307,501477282788,50
2308,501477282794,50
2309,501477282812,50
2310,501477282818,50
2311,501477282824,50
2312,501477282830,50
2313,501477282836,50
2314,501477282842,50
2315,501477282848,50
2316,501477282854,50
2317,501477282860,50
2318,501477282866,50
2319,501477282872,50
2320,501477282878,50
2321,501477282884,50
2322,501477282890,50
2323,501477282896,50
2324,501477282902,50
2325,501477282908,50
2326,501477282914,50
2327,501477282920,50
2328,501477282926,50
2329,501477282932,50
2330,501477282938,50
2331,501477282944,50
2332,501477282950,50
2333,501477282956,50
2334,501477282962,50
2335,501477282968,50
2336,501477282974,50
2337,501477282980,50
2338,501477282986,50
2339,501477283046,50
2340,501477283052,50
2341,501477283058,50
2342,501477283064,50
2343,501477283070,50
2344,501477283076,50
2345,501477283082,50
2346,501477283088,50
2347,501477283094,50
2348,501477283100,50
2349,501477283106,50
2350,501477283112,50
2351,501477283118,50
2352,501477283124,50
2353,501477283130,50
2354,501477283136,50
2355,501477283142,50
2356,501477283148,50
2357,501477283154,50
2358,501477283160,50
2359,501477283166,50
2360,501477283172,50
2361,501477283178,50
2362,501477283184,50
2363,501477283190,50
2364,501477283196,50
2365,501477283202,50
2366,501477283208,50
2367,501477283214,50
2368,501477283220,50
2369,501477283238,50
2370,501477283244,50
2371,501477283250,50
2372,501477283256,50
2373,501477283262,50
2374,501477283268,50
2375,501477283274,50
2376,501477283280,50
2377,501477283286,50
2378,501477283292,50
2379,501477283298,50
2380,501477283304,50
2381,501477283310,50
2382,501477283316,50
2383,501477283322,50
2384,501477283328,50
2385,501477283334,50
2386,501477283340,50
2387,501477283346,50
2388,501477283352,50
2389,501477283358,50
2390,501477283364,50
2391,501477283370,50
2392,501477283376,50
2393,501477283382,50
2394,501477283388,50
2395,501477283394,50
2396,501477283400,50
2397,501477283406,50
2398,501477283412,50
2399,501477283430,50
2400,501477283436,50
2401,501477283442,50
2402,501477283448,50
2403,501477283454,50
2404,501477283460,50
2405,501477283466,50
2406,501477283472,50
2407,501477283478,50
2408,501477283484,50
2409,501477283490,50
2410,501477283496,50
2411,501477283502,50
2412,501477283508,50
2413,501477283514,50
2414,501477283520,50
2415,501477283526,50
2416,501477283532,50
2417,501477283538,50
2418,501477283544,50
2419,501477283550,50
2420,501477283556,50
2421,501477283562,50
2422,501477283568,50
2423,501477283574,50
2424,501477283580,50
2425,501477283586,50
2426,501477283592,50
2427,501477283598,50
2428,501477283604,50
2429,501477290564,50
2430,501477290570,50
2431,501477290576,50
2432,501477290582,50
2433,501477290588,50
2434,501477290594,50
2435,501477290600,50
2436,501477290606,50
2437,501477290612,50
2438,501477290618,50
2439,501477290624,50
2440,501477290630,50
2441,501477290636,50
2442,501477290642,50
2443,501477290648,50
2444,501477290654,50
2445,501477290660,50
2446,501477290666,50
2447,501477290672,50
2448,501477290678,50
2449,501477290684,50
2450,501477290690,50
2451,501477290696,50
2452,501477290702,50
2453,501477290708,50
2454,501477290714,50
2455,501477290720,50
2456,501477290726,50
2457,501477290732,50
2458,501477290738,50
2459,51477145436,5
2460,51477145442,5
2461,51477145448,5
2462,51477145454,5
2463,51477145460,5
2464,51477145466,5
2465,51477145472,5
2466,51477145478,5
2467,51477145484,5
2468,51477145490,5
2469,51477145496,5
2470,51477145502,5
2471,51477145508,5
2472,51477145514,5
2473,51477145520,5
2474,51477145526,5
2475,51477145532,5
2476,51477145538,5
2477,51477145544,5
2478,51477145550,5
2479,51477145556,5
2480,51477145562,5
2481,51477145568,5
2482,51477145574,5
2483,51477145580,5
2484,51477145586,5
2485,51477145592,5
2486,51477145598,5
2487,51477145604,5
2488,51477145610,5
2489,51477145616,5
2490,51477146324,5
2491,51477146330,5
2492,51477146336,5
2493,51477146342,5
2494,51477146348,5
2495,51477146354,5
2496,51477146372,5
2497,51477146378,5
2498,51477146384,5
2499,51477146390,5
2500,51477146396,5
2501,51477146402,5
2502,51477146408,5
2503,51477146414,5
2504,51477146420,5
2505,51477146426,5
2506,51477146438,5
2507,51477146444,5
2508,51477146456,5
2509,51477146462,5
2510,51477146468,5
2511,51477146474,5
2512,51477146480,5
2513,51477146486,5
2514,51477146492,5
2515,51477146498,5
2516,51477146732,5
2517,51477146738,5
2518,51477146744,5
2519,51477146750,5
2520,51477146756,5
2521,51477146762,5
2522,51477146768,5
2523,51477146780,5
2524,51477146786,5
2525,51477146792,5
2526,51477146798,5
2527,51477146804,5
2528,51477146810,5
2529,51477146816,5
2530,51477146822,5
2531,51477146828,5
2532,51477146834,5
2533,51477146840,5
2534,51477146846,5
2535,51477146852,5
2536,51477146858,5
2537,51477146864,5
2538,51477146870,5
2539,51477146876,5
2540,51477146882,5
2541,51477146888,5
2542,51477146894,5
2543,51477146900,5
2544,51477146906,5
2545,51477146912,5
2546,51477146936,5
2547,51477146942,5
2548,51477146948,5
2549,51477146954,5
2550,51477146960,5
2551,51477146966,5
2552,51477146972,5
2553,51477146978,5
2554,51477146984,5
2555,51477146990,5
2556,51477146996,5
2557,51477147002,5
2558,51477147008,5
2559,51477147014,5
2560,51477147020,5
2561,51477147026,5
2562,51477147032,5
2563,51477147038,5
2564,51477147044,5
2565,51477147050,5
2566,51477147056,5
2567,51477147062,5
2568,51477147068,5
2569,51477147074,5
2570,51477147080,5
2571,51477147086,5
2572,51477147092,5
2573,51477147098,5
2574,51477147104,5
2575,51477156698,5
2576,51477156704,5
2577,51477156710,5
2578,51477156716,5
2579,51477156722,5
2580,51477156728,5
2581,51477156734,5
2582,51477156740,5
2583,51477156746,5
2584,51477156752,5
2585,51477156758,5
2586,51477156764,5
2587,51477156770,5
2588,51477156776,5
2589,51477156782,5
2590,51477156788,5
2591,51477156794,5
2592,51477156800,5
2593,51477156806,5
2594,51477156812,5
2595,51477156818,5
2596,51477156824,5
2597,51477156830,5
2598,51477156836,5
2599,51477156842,5
2600,51477156848,5
2601,51477156854,5
2602,51477156860,5
2603,51477156866,5
2604,51477156872,5
2605,51477188438,5
2606,51477188444,5
2607,51477188450,5
2608,51477188456,5
2609,51477188462,5
2610,51477188468,5
2611,51477188474,5
2612,51477188480,5
2613,51477188486,5
2614,51477188492,5
2615,51477188498,5
2616,51477188504,5
2617,51477188510,5
2618,51477188516,5
2619,51477188522,5
2620,51477188528,5
2621,51477188534,5
2622,51477188540,5
2623,51477188546,5
2624,51477188552,5
2625,51477188558,5
2626,51477188564,5
2627,51477188570,5
2628,51477188576,5
2629,51477188582,5
2630,51477188588,5
2631,51477188594,5
2632,51477188600,5
2633,51477188606,5
2634,51477188612,5
2635,51477188642,5
2636,51477188648,5
2637,51477188654,5
2638,51477188660,5
2639,51477188666,5
2640,51477188672,5
2641,51477188678,5
2642,51477188684,5
2643,51477188690,5
2644,51477188696,5
2645,51477188702,5
2646,51477188708,5
2647,51477188714,5
2648,51477188720,5
2649,51477188726,5
2650,51477188732,5
2651,51477188738,5
2652,51477188744,5
2653,51477188750,5
2654,51477188756,5
2655,51477188762,5
2656,51477188768,5
2657,51477188774,5
2658,51477188780,5
2659,51477188786,5
2660,51477188792,5
2661,51477188798,5
2662,51477188804,5
2663,51477188810,5
2664,51477188816,5
2665,51477188894,5
2666,51477188900,5
2667,51477188906,5
2668,51477188912,5
2669,51477188918,5
2670,51477188924,5
2671,51477188930,5
2672,51477188936,5
2673,51477188942,5
2674,51477188948,5
2675,51477188954,5
2676,51477188960,5
2677,51477188966,5
2678,51477188972,5
2679,51477188978,5
2680,51477188984,5
2681,51477188990,5
2682,51477188996,5
2683,51477189002,5
2684,51477189008,5
2685,51477189014,5
2686,51477189020,5
2687,51477189026,5
2688,51477189032,5
2689,51477189038,5
2690,51477189044,5
2691,51477189050,5
2692,51477189056,5
2693,51477189062,5
2694,51477189068,5
2695,51477189116,5
2696,51477189122,5
2697,51477189128,5
2698,51477189134,5
2699,51477189140,5
2700,51477189146,5
2701,51477189152,5
2702,51477189158,5
2703,51477189164,5
2704,51477189170,5
2705,51477189176,5
2706,51477189182,5
2707,51477189188,5
2708,51477189194,5
2709,51477189200,5
2710,51477189206,5
2711,51477189212,5
2712,51477189218,5
2713,51477189224,5
2714,51477189230,5
2715,51477189236,5
2716,51477189242,5
2717,51477189248,5
2718,51477189254,5
2719,51477189260,5
2720,51477189266,5
2721,51477189272,5
2722,51477189278,5
2723,51477189284,5
2724,51477189290,5
2725,51477189326,5
2726,51477189332,5
2727,51477189338,5
2728,51477189344,5
2729,51477189350,5
2730,51477189356,5
2731,51477189362,5
2732,51477189368,5
2733,51477189374,5
2734,51477189380,5
2735,51477189386,5
2736,51477189392,5
2737,51477189398,5
2738,51477189404,5
2739,51477189410,5
2740,51477189416,5
2741,51477189422,5
2742,51477189428,5
2743,51477189434,5
2744,51477189440,5
2745,51477189446,5
2746,51477189452,5
2747,51477189458,5
2748,51477189464,5
2749,51477189470,5
2750,51477189476,5
2751,51477189482,5
2752,51477189488,5
2753,51477189494,5
2754,51477189500,5
2755,51477289796,5
2756,51477289802,5
2757,51477289808,5
2758,51477289814,5
2759,51477289820,5
2760,51477289826,5
2761,51477289832,5
2762,51477289838,5
2763,51477289844,5
2764,51477289850,5
2765,51477289856,5
2766,51477289862,5
2767,51477289868,5
2768,51477289874,5
2769,51477289880,5
2770,51477289886,5
2771,51477289892,5
2772,51477289898,5
2773,51477289904,5
2774,51477289910,5
2775,51477289916,5
2776,51477289922,5
2777,51477289928,5
2778,51477289934,5
2779,51477289940,5
2780,51477289946,5
2781,51477289952,5
2782,51477289958,5
2783,51477289964,5
2784,51477289970,5
2785,51477289988,5
2786,51477289994,5
2787,51477290000,5
2788,51477290006,5
2789,51477290012,5
2790,51477290018,5
2791,51477290024,5
2792,51477290030,5
2793,51477290036,5
2794,51477290042,5
2795,51477290048,5
2796,51477290054,5
2797,51477290060,5
2798,51477290066,5
2799,51477290072,5
2800,51477290078,5
2801,51477290084,5
2802,51477290090,5
2803,51477290096,5
2804,51477290102,5
2805,51477290108,5
2806,51477290114,5
2807,51477290120,5
2808,51477290126,5
2809,51477290132,5
2810,51477290138,5
2811,51477290144,5
2812,51477290150,5
2813,51477290156,5
2814,51477290162,5
2815,51477290180,5
2816,51477290186,5
2817,51477290192,5
2818,51477290198,5
2819,51477290204,5
2820,51477290210,5
2821,51477290216,5
2822,51477290222,5
2823,51477290228,5
2824,51477290234,5
2825,51477290240,5
2826,51477290246,5
2827,51477290252,5
2828,51477290258,5
2829,51477290264,5
2830,51477290270,5
2831,51477290276,5
2832,51477290282,5
2833,51477290288,5
2834,51477290294,5
2835,51477290300,5
2836,51477290306,5
2837,51477290312,5
2838,51477290318,5
2839,51477290324,5
2840,51477290330,5
2841,51477290336,5
2842,51477290342,5
2843,51477290348,5
2844,51477290354,5
2845,51477290366,5
2846,51477290372,5
2847,51477290378,5
2848,51477290384,5
2849,51477290390,5
2850,51477290396,5
2851,51477290402,5
2852,51477290408,5
2853,51477290414,5
2854,51477290420,5
2855,51477290426,5
2856,51477290432,5
2857,51477290438,5
2858,51477290444,5
2859,51477290450,5
2860,51477290456,5
2861,51477290462,5
2862,51477290468,5
2863,51477290474,5
2864,51477290480,5
2865,51477290486,5
2866,51477290492,5
2867,51477290498,5
2868,51477290504,5
2869,51477290510,5
2870,51477290516,5
2871,51477290522,5
2872,51477290528,5
2873,51477290534,5
2874,51477290540,5
2875,51477290546,5
2876,51477290750,5
2877,51477290756,5
2878,51477290762,5
2879,51477290768,5
2880,51477290774,5
2881,51477290780,5
2882,51477290786,5
2883,51477290792,5
2884,51477290798,5
2885,51477290804,5
2886,51477290810,5
2887,51477290816,5
2888,51477290822,5
2889,51477290828,5
2890,51477290834,5
2891,51477290840,5
2892,51477290846,5
2893,51477290852,5
2894,51477290858,5
2895,51477290864,5
2896,51477290870,5
2897,51477290876,5
2898,51477290882,5
2899,51477290888,5
2900,51477290894,5
2901,51477290900,5
2902,51477290906,5
2903,51477290912,5
2904,51477290918,5
2905,51477290924,5
2906,51477290930,5
2907,51477290948,5
2908,51477290954,5
2909,51477290960,5
2910,51477290966,5
2911,51477290972,5
2912,51477290978,5
2913,51477290984,5
2914,51477290990,5
2915,51477290996,5
2916,51477291002,5
2917,51477291008,5
2918,51477291014,5
2919,51477291020,5
2920,51477291026,5
2921,51477291032,5
2922,51477291038,5
2923,51477291044,5
2924,51477291050,5
2925,51477291056,5
2926,51477291062,5
2927,51477291068,5
2928,51477291074,5
2929,51477291080,5
2930,51477291086,5
2931,51477291092,5
2932,51477291098,5
2933,51477291104,5
2934,51477291110,5
2935,51477291116,5
2936,51477291122,5
2937,51477291128,5
2938,51477291134,5
2939,51477291140,5
2940,51477291146,5
2941,51477291152,5
2942,51477291158,5
2943,51477291164,5
2944,51477291170,5
2945,51477291176,5
2946,51477291182,5
2947,51477291188,5
2948,51477291194,5
2949,51477291200,5
2950,51477291206,5
2951,51477291212,5
2952,51477291218,5
2953,51477291224,5
2954,51477291230,5
2955,51477291236,5
2956,51477291242,5
2957,51477291248,5
2958,51477291254,5
2959,51477291260,5
2960,51477291266,5
2961,51477291272,5
2962,51477291278,5
2963,51477291284,5
2964,51477291290,5
2965,51477291296,5
2966,51477291302,5
2967,51477291308,5
2968,51477291596,5
2969,51477291602,5
2970,51477291608,5
2971,51477291614,5
2972,51477291620,5
2973,51477291626,5
2974,51477291632,5
2975,51477291638,5
2976,51477291644,5
2977,51477291650,5
2978,51477291656,5
2979,51477291662,5
2980,51477291668,5
2981,51477291674,5
2982,51477291680,5
2983,51477291686,5
2984,51477291692,5
2985,51477291698,5
2986,51477291704,5
2987,51477291710,5
2988,51477291716,5
2989,51477291722,5
2990,51477291728,5
2991,51477291734,5
2992,51477291740,5
2993,51477291746,5
2994,51477291752,5
2995,51477291758,5
2996,51477291764,5
2997,51477291770,5
2998,51477291782,5
2999,51477291788,5
3000,51477291794,5
3001,51477291800,5
3002,51477291806,5
3003,51477291812,5
3004,51477291818,5
3005,51477291824,5
3006,51477291830,5
3007,51477291836,5
3008,51477291842,5
3009,51477291848,5
3010,51477291854,5
3011,51477291860,5
3012,51477291866,5
3013,51477291872,5
3014,51477291878,5
3015,51477291884,5
3016,51477291890,5
3017,51477291896,5
3018,51477291902,5
3019,51477291908,5
3020,51477291914,5
3021,51477291920,5
3022,51477291926,5
3023,51477291932,5
3024,51477291938,5
3025,51477291944,5
3026,51477291950,5
3027,51477291956,5
3028,51477291962,5
3029,51477291974,5
3030,51477291980,5
3031,51477291986,5
3032,51477291992,5
3033,51477291998,5
3034,51477292004,5
3035,51477292010,5
3036,51477292016,5
3037,51477292022,5
3038,51477292028,5
3039,51477292034,5
3040,51477292040,5
3041,51477292046,5
3042,51477292052,5
3043,51477292058,5
3044,51477292064,5
3045,51477292070,5
3046,51477292076,5
3047,51477292082,5
3048,51477292088,5
3049,51477292094,5
3050,51477292100,5
3051,51477292106,5
3052,51477292112,5
3053,51477292118,5
3054,51477292124,5
3055,51477292130,5
3056,51477292136,5
3057,51477292142,5
3058,51477292148,5
